email,password
testeemail10@email.com,#Teste123
email,password
testeemail1@email.com,#Teste123
email,password
test0@test.com,#Teste123
test1@test.com,#Teste123
test2@test.com,#Teste123
test3@test.com,#Teste123
test4@test.com,#Teste123
test5@test.com,#Teste123
test6@test.com,#Teste123
test7@test.com,#Teste123
test8@test.com,#Teste123
test9@test.com,#Teste123
test10@test.com,#Teste123
test11@test.com,#Teste123
test12@test.com,#Teste123
test13@test.com,#Teste123
test14@test.com,#Teste123
test15@test.com,#Teste123
test16@test.com,#Teste123
test17@test.com,#Teste123
test18@test.com,#Teste123
test19@test.com,#Teste123
test20@test.com,#Teste123
test21@test.com,#Teste123
test22@test.com,#Teste123
test23@test.com,#Teste123
test24@test.com,#Teste123
test25@test.com,#Teste123
test26@test.com,#Teste123
test27@test.com,#Teste123
test28@test.com,#Teste123
test29@test.com,#Teste123
test30@test.com,#Teste123
test31@test.com,#Teste123
test32@test.com,#Teste123
test33@test.com,#Teste123
test34@test.com,#Teste123
test35@test.com,#Teste123
test36@test.com,#Teste123
test37@test.com,#Teste123
test38@test.com,#Teste123
test39@test.com,#Teste123
